Date,Content
2025-08-21,https://boxd.it/g3a4R
2025-08-21,https://boxd.it/sKF27
2025-08-21,https://boxd.it/CZxJn
2025-08-21,https://boxd.it/10gBbb
2025-08-28,https://boxd.it/5hz6xt
2025-09-04,https://boxd.it/9o3zwZ
2025-09-04,https://boxd.it/58aakH
2025-09-13,https://boxd.it/b2r8sd
2025-09-13,https://boxd.it/b0Y9nL
2025-09-18,https://boxd.it/3jejL
2025-09-21,https://boxd.it/b6BvAF
2025-09-21,https://boxd.it/6mH8El
2025-09-27,https://boxd.it/b6a62J
2025-09-27,https://boxd.it/b9IMvD
2025-10-09,https://boxd.it/bahtfh
2025-10-09,https://boxd.it/1oxfEF
2025-10-14,https://boxd.it/3urZvH
2025-10-14,https://boxd.it/1otoxb
2025-10-17,https://boxd.it/9IaWc3
2025-10-25,https://boxd.it/b4uE3X
2025-10-25,https://boxd.it/b3UEVD
2025-10-25,https://boxd.it/71Orrj
2025-10-29,https://boxd.it/bwsWTP
2025-10-29,https://boxd.it/vlcDZ
2025-11-09,https://boxd.it/bDtHyd
2025-11-16,https://boxd.it/p5fY1
2025-11-16,https://boxd.it/3y1U8R
2025-11-29,https://boxd.it/3YZkt9
2025-12-01,https://boxd.it/bJ6zFN
2025-12-01,https://boxd.it/bNLNMB
2025-12-02,https://boxd.it/wKkK9
2025-12-07,https://boxd.it/spYdr
2025-12-07,https://boxd.it/1qVXJZ
2025-12-07,https://boxd.it/52FVgv
2025-12-08,https://boxd.it/bUrMQZ
2025-12-08,https://boxd.it/bMY2fn
2025-12-08,https://boxd.it/aTPEsV
2025-12-10,https://boxd.it/1v1am1
2025-12-10,https://boxd.it/N9hvT
2025-12-10,https://boxd.it/1h9g6X
2025-12-10,https://boxd.it/dkzh
2025-12-10,https://boxd.it/1zGInP
2025-12-10,https://boxd.it/Dg7ul
2025-12-10,https://boxd.it/qNFYN
2025-12-10,https://boxd.it/kghkp
2025-12-17,https://boxd.it/9ZnyZT
2025-12-20,https://boxd.it/bLHwB1
2025-12-26,https://boxd.it/cePr3P
2025-12-31,https://boxd.it/2Mp96Z
2025-12-31,https://boxd.it/tr01
2025-12-31,https://boxd.it/2doInT
2025-12-31,https://boxd.it/1iGJVv
2026-01-07,https://boxd.it/1NnqsZ
2026-01-08,https://boxd.it/bMkkrV
2026-01-08,https://boxd.it/bWXAEJ
2026-01-10,https://boxd.it/aQrEdV
2026-01-19,https://boxd.it/8FZDO5
2026-01-24,https://boxd.it/CN3SP
2026-01-29,https://boxd.it/cSgldJ
2026-01-29,https://boxd.it/Ct5u1
2026-02-04,https://boxd.it/bzFodX
2026-02-06,https://boxd.it/1eJviT
2026-02-10,https://boxd.it/2YHFdR
2026-02-11,https://boxd.it/1djPRt
2026-02-11,https://boxd.it/2yqDTt
2026-02-11,https://boxd.it/aoitWl
2026-02-16,https://boxd.it/bpIWnD
2026-02-16,https://boxd.it/12ajGV
2026-02-17,https://boxd.it/9gFpB5
2026-02-17,https://boxd.it/22nJ1
2026-02-18,https://boxd.it/G9OZJ
2026-02-18,https://boxd.it/mGBnD
2026-02-18,https://boxd.it/JEXX7
2026-03-01,https://boxd.it/EX3Rv
2026-03-02,https://boxd.it/1Ng3kz
2026-03-04,https://boxd.it/PvhuD
2026-03-04,https://boxd.it/U4yKT
