Date,Name,Year,Letterboxd URI,Rating,Rewatch,Tags,Watched Date
2026-02-26,Nope,2022,https://boxd.it/dj5pJl,2.5,,,2025-01-01
2026-02-26,A Prophet,2009,https://boxd.it/dj5k69,5,,,2025-01-21
2025-05-31,Karate Kid: Legends,2025,https://boxd.it/9Ra7O7,3.5,,,2025-05-30
2025-06-17,Friendship,2024,https://boxd.it/a1Sduv,3,,,2025-06-16
2026-02-26,Superman,2025,https://boxd.it/dj5k6t,5,,,2025-07-19
2026-02-26,Bring Her Back,2025,https://boxd.it/dj5k6D,3.5,,,2025-07-29
2026-02-26,Mulholland Drive,2001,https://boxd.it/dj5k6N,4,,,2025-07-29
2026-02-26,Poor Things,2023,https://boxd.it/dj5k77,5,,,2025-07-29
2026-02-26,Pig,2021,https://boxd.it/dj5k7h,4.5,,,2025-07-29
2026-02-26,The Nun's Story,1959,https://boxd.it/dj5k7r,4.5,,,2025-07-29
2026-02-26,Nocturnal Animals,2016,https://boxd.it/dj5k7B,3,,,2025-07-29
2026-02-26,Mystic River,2003,https://boxd.it/dj5k7L,2.5,,,2025-07-29
2026-02-26,28 Years Later,2025,https://boxd.it/dj5k7V,4.5,,,2025-07-29
2026-02-26,Friendship,2024,https://boxd.it/dj5k8f,3,Yes,,2025-07-29
2026-02-26,Beau Is Afraid,2023,https://boxd.it/dj5k8z,2.5,,,2025-07-29
2026-02-26,The Phoenician Scheme,2025,https://boxd.it/dj5k8T,5,,,2025-07-30
2026-02-26,Sinners,2025,https://boxd.it/dj5k93,4,,,2025-07-30
2026-02-26,Karate Kid: Legends,2025,https://boxd.it/dj5k9x,3.5,Yes,,2025-07-30
2026-02-26,Black Bag,2025,https://boxd.it/dj5k9H,2.5,,,2025-07-30
2026-02-26,Companion,2025,https://boxd.it/dj5ka1,3.5,,,2025-07-30
2026-02-26,Drop,2025,https://boxd.it/dj5kal,3.5,,,2025-07-30
2026-02-26,Trap,2024,https://boxd.it/dj5kav,4,,,2025-07-30
2026-02-26,Don't Breathe,2016,https://boxd.it/dj5kaP,2.5,,,2025-07-30
2026-02-26,Bodies Bodies Bodies,2022,https://boxd.it/dj5kaZ,3,,,2025-07-30
2026-02-26,The Woman in Black,2012,https://boxd.it/dj5kbj,2.5,,,2025-08-14
2026-02-26,Speak No Evil,2022,https://boxd.it/dj5kbt,2,,,2025-08-14
2026-02-26,Weapons,2025,https://boxd.it/dj5kbN,4,,,2025-08-15
2026-02-26,Good Will Hunting,1997,https://boxd.it/dj5kch,2.5,,,2025-08-16
2026-02-26,Once Upon a Time... in Hollywood,2019,https://boxd.it/dj5kdT,3,,,2025-08-18
2026-02-26,The Hateful Eight,2015,https://boxd.it/dj5ke3,3,,,2025-08-18
2026-02-26,Jack and Jill,2011,https://boxd.it/dj5ked,1,,,2025-08-21
2026-02-26,I Saw the TV Glow,2024,https://boxd.it/dj5ken,5,,,2025-08-21
2026-02-26,Parasite,2019,https://boxd.it/dj5kex,5,,,2025-08-21
2026-02-26,Portrait of a Lady on Fire,2019,https://boxd.it/dj5keH,3,,,2025-08-21
2026-02-26,Dune: Part Two,2024,https://boxd.it/dj5kfl,3.5,,,2025-08-21
2026-02-26,Iron Man,2008,https://boxd.it/dj5kfv,2.5,,,2025-08-23
2026-02-26,Joker,2019,https://boxd.it/dj5kfF,5,,,2025-08-23
2026-02-26,Weapons,2025,https://boxd.it/dj5kfP,4,Yes,,2025-08-23
2025-08-28,The Boy and the Heron,2023,https://boxd.it/aT2qKt,5,,,2025-08-27
2025-08-28,Grave of the Fireflies,1988,https://boxd.it/aT2xAF,5,,,2025-08-27
2026-02-26,A Prophet,2009,https://boxd.it/dj5kfZ,5,Yes,,2025-08-27
2026-02-26,Nomadland,2020,https://boxd.it/dj5kg9,1.5,,,2025-08-27
2026-02-26,Ferris Bueller's Day Off,1986,https://boxd.it/dj5kgj,1,,,2025-08-27
2026-02-26,Drive My Car,2021,https://boxd.it/dj5kgt,1,,,2025-08-27
2026-02-26,Nope,2022,https://boxd.it/dj5kgD,2.5,Yes,,2025-08-27
2026-02-26,The Cabin in the Woods,2011,https://boxd.it/dj5kgN,4.5,,,2025-08-27
2026-02-26,All Quiet on the Western Front,2022,https://boxd.it/dj5kgX,5,,,2025-08-27
2026-02-26,Everything Everywhere All at Once,2022,https://boxd.it/dj5kh7,5,,,2025-08-27
2026-02-26,Knives Out,2019,https://boxd.it/dj5khh,5,,,2025-08-27
2026-02-26,Caught Stealing,2025,https://boxd.it/dj5khr,4,Yes,,2025-08-29
2026-02-26,The Long Walk,2025,https://boxd.it/dj5khB,2.5,Yes,,2025-09-12
2026-02-26,Eddington,2025,https://boxd.it/dj5khV,2.5,,,2025-09-13
2026-02-26,Jeremiah Johnson,1972,https://boxd.it/dj5kif,5,,,2025-09-17
2026-02-26,The Power of the Dog,2021,https://boxd.it/dj5kiz,2,,,2025-09-20
2026-02-26,Spaceman,2024,https://boxd.it/dj5kiJ,2,,,2025-09-20
2026-02-26,Burning,2018,https://boxd.it/dj5kjd,2.5,,,2025-09-20
2026-02-26,Donnie Darko,2001,https://boxd.it/dj5kjx,5,,,2025-09-21
2026-02-26,The Strange Thing About the Johnsons,2011,https://boxd.it/dj5kjH,4,,,2025-09-24
2026-02-26,One Battle After Another,2025,https://boxd.it/dj5kjR,5,,,2025-09-26
2026-02-26,Perfect Blue,1997,https://boxd.it/dj5kk1,5,,,2025-10-05
2025-10-13,Over the Garden Wall,2014,https://boxd.it/bltWuN,5,,,2025-10-12
2026-02-26,Frankenstein,2025,https://boxd.it/dj5kkb,3.5,,,2025-10-24
2026-02-26,Bugonia,2025,https://boxd.it/dj5kkv,3,,,2025-11-07
2026-02-26,Heretic,2024,https://boxd.it/dj5kkF,3,,,2025-11-14
2026-02-26,Caddo Lake,2024,https://boxd.it/dj5kkP,4.5,,,2025-11-14
2026-02-26,Conclave,2024,https://boxd.it/dj5kkZ,2.5,,,2025-11-14
2026-02-26,Magnolia,1999,https://boxd.it/dj5kl9,2.5,,,2025-11-15
2026-02-26,Wake Up Dead Man,2025,https://boxd.it/dj5klj,4.5,,,2025-11-28
2026-02-26,Train Dreams,2025,https://boxd.it/dj5klt,4.5,,,2025-11-30
2026-02-26,Blade Runner,1982,https://boxd.it/dj5klN,5,,,2025-11-30
2026-02-26,Memories of Murder,2003,https://boxd.it/dj5klX,4.5,,,2025-12-01
2026-02-26,No Other Choice,2025,https://boxd.it/dj5km7,5,,,2025-12-07
2026-02-26,Zootopia 2,2025,https://boxd.it/dj5kmh,4,,,2025-12-19
2025-12-31,Zathura: A Space Adventure,2005,https://boxd.it/ckYRnD,4,,,2025-12-30
2026-02-26,The Count of Monte Cristo,2024,https://boxd.it/dj5kmr,5,,,2025-12-30
2026-02-26,The Sixth Sense,1999,https://boxd.it/dj5kmB,5,,,2025-12-30
2026-02-26,Stranger Things 5: The Finale,2025,https://boxd.it/dj5kmL,4,,,2026-01-01
2026-02-26,Citizen Kane,1941,https://boxd.it/dj5kmV,3,,,2026-01-06
2026-02-26,True Grit,1969,https://boxd.it/dj5knf,3.5,,,2026-01-09
2026-02-26,The Wind Rises,2013,https://boxd.it/dj5knp,3.5,,,2026-01-09
2026-02-26,All That's Left of You,2025,https://boxd.it/dj5knz,5,,,2026-01-16
2026-02-26,Saloum,2021,https://boxd.it/dj5knJ,3.5,,,2026-01-17
2026-02-26,How Green Was My Valley,1941,https://boxd.it/dj5kpb,5,,,2026-01-19
2026-01-21,Princess Mononoke,1997,https://boxd.it/cJXGXt,5,,,2026-01-20
2026-02-26,Beau Is Afraid,2023,https://boxd.it/dj5kpl,3,Yes,,2026-01-20
2026-01-24,The Lord of the Rings: The Fellowship of the Ring,2001,https://boxd.it/cNfVRD,5,,,2026-01-23
2026-02-26,It Was Just an Accident,2025,https://boxd.it/dj5kpv,3,,,2026-02-03
2026-02-26,Okja,2017,https://boxd.it/dj5kpF,3.5,,,2026-02-08
2026-02-26,La Haine,1995,https://boxd.it/dj5kpP,5,,,2026-02-09
2026-02-26,Monster,2023,https://boxd.it/dj5kpZ,3.5,,,2026-02-09
2026-02-26,The Royal Tenenbaums,2001,https://boxd.it/dj5kq9,4,,,2026-02-12
2026-02-26,Lady Vengeance,2005,https://boxd.it/dj5kqj,3.5,,,2026-02-14
2026-02-26,Blue Velvet,1986,https://boxd.it/dj5kqt,5,,,2026-02-15
2026-02-26,Resurrection,2025,https://boxd.it/dj5kqD,5,,,2026-02-15
