Date,Name,Year,Letterboxd URI,Rating,Rewatch,Review,Tags,Watched Date
2025-08-28,The Boy and the Heron,2023,https://boxd.it/aT2qKt,5,,"Miyazaki's spiritual autobiography told through the lense of a son he could never allow to exist. ""How Do You Live"" as if addressed to Goro Miyazaki, is a film about choosing your own destiny. It's about being fully aware and capable of choosing a pre-determined path to greatness but rejecting it for one's own path - even if it is mundane. A powerful and compelling film.

It had the potential to be Miyazakis greatest film. However, the run time, strange focus on a bird kingdom, and ambition holds it back here. I almost feel that the entire bird kingdom sequence should have been cut to focus on the rest of the film and just extending the main narrative threads.

Spirited Away is more focused in that regard. But it doesn't mean half of what this film means. While the execution of Spirited Away is superior, here is Miyazakis entire soul.


The plot is about succession and legacy. It's Miyazaki's most autobiographical film.

Mahito finds himself at his family's country estate after he loses his mother in the firebombing of Tokyo. There, he discovers that his great uncle was a singular genius who disappeared into a palace he had built around a supernatural stone from the heavens.

This stone links different worlds and realms. These can be taken allegorically but clearly interact with Mahito's home world.

The movie deals with the cruelty of life and death particularly, and the pains of trying to improve the world but doing as much harm due to your ideals.

The Warawara are unborn human souls being hunted by seagulls that had no choice but to be in this world, being brought by the grand-uncle.

Every day the grand-uncle tries to balance this world to make it more perfect, but under his stewardship the parrots have become fascist murderers with their king prepared to lead a revolt.

He attempts to hand off the responsibility to Mahito as he himself is reaching his death. He wants to pass the torch and mold Mahito into a singular world-builder like he is, hoping that Mahito can improve on his life's work.

It's telling that the stones used to order the world are themselves carved from gravestones.

But Mahito has seen the suffering in this world and wants no part in that responsibility. Whether right or wrong, he doesn't want that mantle or power. He simply rejects it for a normal life.

This world of the grand-uncle's creation is so fragile that it is torn apart simply by toppling the stones and is rent asunder.

Miyazaki tried to mold his son into a legendary filmmaker like he was, and notoriously failed. Their relationship is incredibly tumultuous and Miyazaki pinned a lot of his affection on his son's ability to produce films at the same level of quality as his. That's a nearly impossible feat.

Miyazaki has no clear successor and is approaching his own death. This movie is him coming to terms with the fact that his worlds will die with him, and that that's an okay thing. No one is obliged to take on that responsibility and Miyazaki himself is conflicted as to whether his art has genuinely improved the world.",,2025-08-27
2025-08-28,Grave of the Fireflies,1988,https://boxd.it/aT2xAF,5,,One of the most important films ever made,,2025-08-27
2025-10-13,Over the Garden Wall,2014,https://boxd.it/bltWuN,5,,"Essentially Dante's Inferno lite for children. A story about a young man learning to take personal responsibility over his life and initiative over how it turns out, even when nothing is in his control. A beautiful serendipitous journey about the length of a short film (112 minutes). It's a shame there isn't more to this universe considering how loved Over the Garden Wall is.",,2025-10-12
2025-12-31,Zathura: A Space Adventure,2005,https://boxd.it/ckYRnD,4,,Jumanji in space,,2025-12-30
2026-01-21,Princess Mononoke,1997,https://boxd.it/cJXGXt,5,,"This is perhaps Miyazaki's greatest film. While Spirited Away may be his most artistically & creatively impressive film, and the one most successful at creating a modern day foundational fairytale - it lacks the complex commentary of Princess Mononoke. While ""How to Live"" aka The Boy & The Heron is his most personal film and the most technically impressive to date, with some of the most powerful emptional resonance - it is not as <i>important </i>as Princess Mononoke.

Princess Mononoke is Miyazaki's commentary on war, peace, politics, nature, femininity, naturalism, & Ellul's Technique. It is an epic ot grand scale with deep ideas & a lot to say. It may lack the charm of Spirited Away and the personal resonance of The Boy & the Heron, but it is the most important thing Miyazaki has ever produced.",,2026-01-20
2026-01-24,The Lord of the Rings: The Fellowship of the Ring,2001,https://boxd.it/cNfVRD,5,,"Listening to Peter Jackson ramble on about shooting the mines of Moria scenes in a dragon button up was a treat.

There's a lot more deus ex machina to save the Fellowship than I remember.

Orcs are the most useless minions ever. Even Merry & Pippin are killing them without serious injury. The Fellowship is consistently facing 10 to 1 odds and coming out unscathed.

Perhaps it would have been more impactful if Gandalf stayed dead but knowing Tolkein it is probably a Jesus motif.

Frodo being nearly stabbed to death twice wasna bit overused, with the deus ex mythril saving him the second time.

Why are only short characters used for comic relief (dwarves & Hobbits) but humans are always regal or power hungry?

While most of the effects hold up in 2026, some of the green screen & effects definitely do not stand the test of time.

Overall, it still is & always will be a masterpiece. It spawned an entire genre and may still be the best high fantasy ever written, with the movie being one of the greatest cinematic experiences in history. Even when contrasted with Game of Thrones that had more source material, a much higher budget, the benefit of being at a much later stage of development in the genre - Lord of the Rings stands head and shoulders above it. The political maneuvering of GoT or the darker themes of The Witcher may represent an achievement, but the charm, ethics, & world of Middle Earth still reigns supreme. 

(Although Enderal remains my favorite high fantasy story)",,2026-01-23
2026-02-26,A Prophet,2009,https://boxd.it/dj5k69,5,,"Breath-taking masterpiece. Prison & crime genre. Begins with a naieve and possibly innocent teenage boy thrust into an incomprehensibly harsh system. Forced to do the most horrific things, he learns everything he doesn't want to be and everything he doesn't want out of life from firsthand experience. Eventually, he carves out his own kind of morality and humanity from the despicable framework he is given. He doesn't become a hero, but he becomes as good - in both efficacy and ethics - as he can conceive given the environment he is damned to.

Beautifully shot. Haunting scenes. Graphic violence. Essentially a meditation on how to participate and survive in an evil world when the only truly moral choice is to surrender and die.",,2025-01-21
2026-02-26,Superman,2025,https://boxd.it/dj5k6t,5,,"Very obviously political. There's a stand-in for Elon Musk and a stand in for Netanyahu. As anti-establishment and anti-war as a Superman film could possibly be. Touches on illegal detention/renditions, killing of innocents in the war on Terror, torture, Palestine, techno-utopianism, large arms corps, and the Israel lobby.

It's also a cool Superman film with great action scenes and visuals. It subverts several expectations we have about the characters and writes him with more depth than usually expected.",,2025-07-19
2026-02-26,Bring Her Back,2025,https://boxd.it/dj5k6D,3.5,,"The title spoiled the entire movie. The body horror was effective. I feel like there was just something missing here, but can't put my finger on what it is. The performances were all great but it just seems that the movie left a lot of breadcrumbs which were never tied together.",,2025-07-29
2026-02-26,Mulholland Drive,2001,https://boxd.it/dj5k6N,4,,"A pretty good movie but certainly not the best of the 21st century. Interesting motifs and visuals, but ultimately I don't think the messages in the undercurrent were conveyed in a particularly compelling fashion. To me, David Lynch is the noir Haruki Murakami of film.",,2025-07-29
2026-02-26,Poor Things,2023,https://boxd.it/dj5k77,5,,i love naked woman,,2025-07-29
2026-02-26,Pig,2021,https://boxd.it/dj5k7h,4.5,,This film is on the cusp of greatness. Incredibly well done.,,2025-07-29
2026-02-26,The Nun's Story,1959,https://boxd.it/dj5k7r,4.5,,The final shot is one of my favorites in film history.,,2025-07-29
2026-02-26,Nocturnal Animals,2016,https://boxd.it/dj5k7B,3,,I literally cannot remember this film and almost rewatched it. It's that forgettable.,,2025-07-29
2026-02-26,Mystic River,2003,https://boxd.it/dj5k7L,2.5,,What an absolute mess of a film. Nonsensical plot. I can't believe so many big name actors are involved in this mess.,,2025-07-29
2026-02-26,28 Years Later,2025,https://boxd.it/dj5k7V,4.5,,If this movie was a bit more focused and had a bit less extraneous editing and scenes it could be a 5. There are some truly moving and compelling scenes. Then there are some that are beyond credulity.,,2025-07-29
2026-02-26,Friendship,2024,https://boxd.it/dj5k8f,3,Yes,Ari Aster social anxiety but trying to be funny,,2025-07-29
2026-02-26,Beau Is Afraid,2023,https://boxd.it/dj5k8z,2.5,,"One of the most bizarre films I've ever seen. Full of so many good ideas executed so poorly. Intended to be a Freudian examination of the anxious mind told in some modern metaphor, almost like an epic of mental illness. But the vision was not honed enough. Ari Aster needs people to tell him no.",,2025-07-29
2026-02-26,The Phoenician Scheme,2025,https://boxd.it/dj5k8T,5,,"Wes Anderson is at his best with grand sweeping tales that capitalize on his dead pan writing and humor. When Wes tries to do smaller scale stories that are more heartfelt, they aren't as impactful. This & Grand Budapest Hotel are my favorite Anderson films.",,2025-07-30
2026-02-26,Sinners,2025,https://boxd.it/dj5k93,4,,"Too many ideas, all of them interesting. Needed more focus.",,2025-07-30
2026-02-26,Karate Kid: Legends,2025,https://boxd.it/dj5k9x,3.5,Yes,They had two scripts and just collaged them together I guess,,2025-07-30
2026-02-26,Black Bag,2025,https://boxd.it/dj5k9H,2.5,,Tries so hard to be smart that it only succeeds in being irritating and forgettable,,2025-07-30
2026-02-26,Companion,2025,https://boxd.it/dj5ka1,3.5,,This will probably happen in less than ten years,,2025-07-30
2026-02-26,Drop,2025,https://boxd.it/dj5kal,3.5,,The first half was so good. The second half was so dumb. The result is a mediocre film in aggregate that had the potential for greatness,,2025-07-30
2026-02-26,Trap,2024,https://boxd.it/dj5kav,4,,One of my favorite M. Night movies,,2025-07-30
2026-02-26,Don't Breathe,2016,https://boxd.it/dj5kaP,2.5,,It just gets more ridiculous,,2025-07-30
2026-02-26,Bodies Bodies Bodies,2022,https://boxd.it/dj5kaZ,3,,Basically a mediocre film with a nice twist,,2025-07-30
2026-02-26,The Woman in Black,2012,https://boxd.it/dj5kbj,2.5,,If you make heaven canon in your horror film the horror is gone because all the characters have to do is die and they're good forever.,,2025-08-14
2026-02-26,Speak No Evil,2022,https://boxd.it/dj5kbt,2,,Gratuitous torture porn intended to drive home the lesson of self assertiveness.,,2025-08-14
2026-02-26,Weapons,2025,https://boxd.it/dj5kbN,4,,One of the strangest movies you can watch. An unpredictable horror black comedy.,,2025-08-15
2026-02-26,Good Will Hunting,1997,https://boxd.it/dj5kch,2.5,,One of the most over rated films ever,,2025-08-16
2026-02-26,Once Upon a Time... in Hollywood,2019,https://boxd.it/dj5kdT,3,,Perhaps the worst Tarantino film. Boring.,,2025-08-18
2026-02-26,The Hateful Eight,2015,https://boxd.it/dj5ke3,3,,How do we get Tarantino to go back to making interesting movies?,,2025-08-18
2026-02-26,Jack and Jill,2011,https://boxd.it/dj5ked,1,,I'm sure this movie is some kind of insurance fraud scheme to make a movie so terrible that it bombs & Sandler capitalizes on the failure. He admits as much IN the movie in a very meta scene.,,2025-08-21
2026-02-26,I Saw the TV Glow,2024,https://boxd.it/dj5ken,5,,"The horror of being too weak to live up to your potential, the terror of living an unfulfilled life when fulfillment was accessible, the nightmare of the safe existence over the true dangerous one. Most stories are about heroes that defy the odds to actualize themselves and seize their destiny. This is about all the people who eschew the heroic path and betray themselves - for nothing.",,2025-08-21
2026-02-26,Parasite,2019,https://boxd.it/dj5kex,5,,A masterpiece. A subtle yet darkly hilarious meditation on class & capitalism.,,2025-08-21
2026-02-26,Portrait of a Lady on Fire,2019,https://boxd.it/dj5keH,3,,The plot is that they're gay. The end,,2025-08-21
2026-02-26,Dune: Part Two,2024,https://boxd.it/dj5kfl,3.5,,This should have been better,,2025-08-21
2026-02-26,Iron Man,2008,https://boxd.it/dj5kfv,2.5,,Back when it was still vogue to include every possible stereotype about Arabs & Muslims,,2025-08-23
2026-02-26,Joker,2019,https://boxd.it/dj5kfF,5,,"People don't like this movie because they don't like the heteronormative white male rage it accurately depicts and the power fantasy that Fleck cum Joker represents. Snyder himself massively overcorrected by making Fleck the victim of every kind of emasculating crime imaginable in the sequel and having him repent for his crimes.

This movie essentially accurately depicts a kind of radicalization. Fleck was radicalized to burn society down because he was left out of it, essentially. He does not start the movie as a nihilist. He starts out as an average person, self centered but not malicious. Due to his generally good hearted nature and lack of opportunities, life showed him that actually the people who were more successful than him were crueler.

Arthur found out that there are no real world brownie points for goodness or hard work. He was left with the choice to either accept his caste in life or totally reject the system, and he chose to reject it.

Much of this same ethos underpinned the alt-right movement.",,2025-08-23
2026-02-26,Weapons,2025,https://boxd.it/dj5kfP,4,Yes,"The set-up was really strong but I felt the film meandered a bit in the middle. The cop & druggie plotlines provided some comedic relief but didn't add much to the story.

The third act was good although I think didn't live up to the promise of the premise. Amy Madigan did such an incredible job and I only wish we had more of her.

While I can appreciate David Lynch and the Lynchian direction, it isn't my favorite style. The director here mentioned that he's massively influenced by Lynch and we see that with some of the unintentional or random choices. I think what made David Lynch great is that, as random as some of his decisions were, there was usually some kind of a justification for it (although not always).

I'm excited to see what this director does next.",,2025-08-23
2026-02-26,A Prophet,2009,https://boxd.it/dj5kfZ,5,Yes,An absolute materpiece of a prison film with some of the most intense scenes I've ever seen,,2025-08-27
2026-02-26,Nomadland,2020,https://boxd.it/dj5kg9,1.5,,"One of those unbearably boring ""slow burn"" films with absolutely nothing to say and nothing to give",,2025-08-27
2026-02-26,Ferris Bueller's Day Off,1986,https://boxd.it/dj5kgj,1,,Ferris is absolutely so insufferable and a terrible person. I don't know what this movie intends to communicate. Being a handsome privileged guy gives you permission to do whatever you want?,,2025-08-27
2026-02-26,Drive My Car,2021,https://boxd.it/dj5kgt,1,,Another painfully intolerably slow burn,,2025-08-27
2026-02-26,Nope,2022,https://boxd.it/dj5kgD,2.5,Yes,I feel like Peele had one brilliant idea for a movie and is now sputtering out of control.,,2025-08-27
2026-02-26,The Cabin in the Woods,2011,https://boxd.it/dj5kgN,4.5,,A total subversion of the entire horror genre,,2025-08-27
2026-02-26,All Quiet on the Western Front,2022,https://boxd.it/dj5kgX,5,,A brutal depiction of the reality and senselessness of war,,2025-08-27
2026-02-26,Everything Everywhere All at Once,2022,https://boxd.it/dj5kh7,5,,An instant sci-fi action drama classic. On par with The Matrix and The Fifth Element.,,2025-08-27
2026-02-26,Knives Out,2019,https://boxd.it/dj5khh,5,,A perfect Agatha Christie esque whodunnit translated to film,,2025-08-27
2026-02-26,Caught Stealing,2025,https://boxd.it/dj5khr,4,Yes,A good old fashioned 90s action movie with all the tropes and some unexpected surprises.,,2025-08-29
2026-02-26,The Long Walk,2025,https://boxd.it/dj5khB,2.5,Yes,"This movie feels like it was written by a precocious 12 year old. A 12 year old who is really feeling their intellect. The dialogue is so stiff. The emotional impact is almost zero. It's beyond predictable. It's frankly silly. I guess it's a critique of capitalism? It's like if Squid Game, which isn't high brow per se, was actually really dumb.",,2025-09-12
2026-02-26,Eddington,2025,https://boxd.it/dj5khV,2.5,,"I'm not sure what made Ari Aster think he's capable of insightful political commentary but this has proven he isn't. He captured much of the anxiety and hysteria of 2019-2021 but simply depicting what we all lived through isn't some achievement. I'm starting to worry Aster was a one trick pony with Hereditary, kind of like Peele with Get Out. At least Eggers seems to be trying to improve.

Who was this movie made for? What does it ultimately say? What does viewing this film give its audience?",,2025-09-13
2026-02-26,Jeremiah Johnson,1972,https://boxd.it/dj5kif,5,,One of the best Westerns of all time and it's set in the snowy mountains.,,2025-09-17
2026-02-26,The Power of the Dog,2021,https://boxd.it/dj5kiz,2,,"Another unbearable ""slow burn"" where nothing happens and nothing meaningful is said. I am convinced these slow burn directors know they can just film the most boring scenes and film critics will fall over themselves to attribute the most pretentious interpretations to the film.",,2025-09-20
2026-02-26,Spaceman,2024,https://boxd.it/dj5kiJ,2,,At one point Adam Sandler pulls a jar of nutella out of nowhere while floating in outer space to give to a giant Jewish space spider,,2025-09-20
2026-02-26,Burning,2018,https://boxd.it/dj5kjd,2.5,,Another insufferable slow burn. Please make it stop,,2025-09-20
2026-02-26,Donnie Darko,2001,https://boxd.it/dj5kjx,5,,"What does it mean to be alive at one particular time as opposed to another? How much of who we are is static and how much is predicated based on when we are? Every action has a consequence which reverberates throughout the fabric of spacetime affecting everyone else and their actions.

Donnie Darko is a very trippy horror-inspired exploration of one young man's place in space and time. What does it mean that he is there versus his not being there? And given the choice, knowing the outcomes, what should a person do?",,2025-09-21
2026-02-26,The Strange Thing About the Johnsons,2011,https://boxd.it/dj5kjH,4,,One of the most horrific pieces of media you'll ever see,,2025-09-24
2026-02-26,One Battle After Another,2025,https://boxd.it/dj5kjR,5,,"What happens after you retire from your radical politics but the radical politics has not retired from you? A story that perhaps Paul Thomas Anderson was not qualified to tell but handled with as much grace as can be expected from a civilian. Critical of radical leftist politics while still giving us a socialist antihero in DiCaprio.

Imagine if the 2022 ""How to Blow Up A Pipeline"" had deeper characters, double the run time, world class acting, a healthy dose of black comedy, and less political commentary. I.e. an actually fun movie instead of a leftist fever dream. That's this movie.

The movie doesn't have much to say moral wise. It's a character drama, and comedy, between a father and his daughter primarily. There is no great lesson and this movie will not move you. But it taps into the ethos of our time.

As the star of right wing fascism is ascendant, where is the counterbalance of radical leftism as depicted here? Can such fervor be whipped up? Is it a good idea at all? Only time can tell.

The movie brings up these questions but doesn't purport to deal with them. It is focused on you having a raucous good time. That you will have.

Perhaps it could have been 15 minutes shorter.

Otherwise a remarkable movie.

Edit: the WH was not a fan. https://www.whitehouse.gov/presidential-actions/2025/09/countering-domestic-terrorism-and-organized-political-violence/",,2025-09-26
2026-02-26,Perfect Blue,1997,https://boxd.it/dj5kk1,5,,"A movie about chastity, sexual objectification, the internet, depersonalization, being terminally online, and disassociative personalities. What happens when the vicarious vessel we live through, the ideal of chastity, betrays that ideal by having its own will? Has the internet become a way for the most mentally afflicted to aggregate and multiply their effects? Or was it always like that?

Satoshi Kon has created perhaps the perfect psychological thriller. One that plays with the viewer's perception of reality and makes them question what is happening after the credits roll. It's a movie about control, reliving a glorious past vicariously, agency, sexuality, violence, and who we are.

The central question being asked here is: who are you? The refrain is repeated throughout the movie. Who are you, the viewer? Do your collection of continuous memories constitute an identity? Can you even trust those memories? Are dreams any less than the waking world? The dreams of our imagination or even the dreams of sleep?

Perfect Blue asks all of these questions.",,2025-10-05
2026-02-26,Frankenstein,2025,https://boxd.it/dj5kkb,3.5,,"Extremely underwhelming. Isaac's performance was too hammy. The monster's design was too clean. A lot of nitpicky plot points make no sense (outside of being faithful to the material). Unnecessary love triangle. Unnecessary love between Elizabeth and the monster.

Take Shelley's Frankenstein. Remove all of the philosophical depth. No questions about mortality, creation, suffering, existence. Make it just a revenge plot.

That's this.

The more I watch of Del Toro the more I realize that the man should have as few creative liberties with a script as possible. He is just not a good script writer. He's a fantastic director with a keen visual eye and a great style. But the moment he starts writing everything goes by the wayside.

I really hoped for more out of this one. It pales when compared to Egger's Nosferatu.",,2025-10-24
2026-02-26,Bugonia,2025,https://boxd.it/dj5kkv,3,,This movie has no idea what it's trying to say,,2025-11-07
2026-02-26,Heretic,2024,https://boxd.it/dj5kkF,3,,Thinks it is smarter than it is. An incredible set-up that they did not know how to capitalize on. The ending was not totally the expected cliché but overall a disappointment.,,2025-11-14
2026-02-26,Caddo Lake,2024,https://boxd.it/dj5kkP,4.5,,Brilliant mind bender,,2025-11-14
2026-02-26,Conclave,2024,https://boxd.it/dj5kkZ,2.5,,"Slow burn i.e. extremely boring. The kind of movie people claim to like to signal they still have an attention span and are ""sophisticated"". For old people that get motion sickness while watching movies.",,2025-11-14
2026-02-26,Magnolia,1999,https://boxd.it/dj5kl9,2.5,,An absolute mess of a film with nothing insightful to say about any of the topics it touches on. The dialogue is hanmy and overdone. The multitude of weaving plot threads don't intersect in any meaningful reveal or for any other reason than intersection. The pacing is rapidfire at the beginning then slows to a halt. Suddenly it's a musical. Suddenly there's an incredulous coincidence. It's like a Murakami fever dream if Murakami was boring and his characters one dimensional.,,2025-11-15
2026-02-26,Wake Up Dead Man,2025,https://boxd.it/dj5klj,4.5,,"Not much to say here. A good Agatha Christie style murder mystery. Twists and turns. A nice depiction of faith although the main character is a gay atheist. You knew what you were getting with Knives out and they delivered. This is a winning, focus group tested, distilled formula. They could make 100 of these and everyone would still watch them.

Daniel Craig has a knack for picking reprising roles in consistent series that can essentially go on forever without the audience getting tired of them.",,2025-11-28
2026-02-26,Train Dreams,2025,https://boxd.it/dj5klt,4.5,,"""Just waiting to see what we've been left here for.""

A beautifully shot and emotionally compelling ""slow burn"" that manages to keep your attention the entire time. I wish there were more complexity to Granier's character. The film doesn't demand much from you, but is enthralling. The vicissitudes of an average life.",,2025-11-30
2026-02-26,Blade Runner,1982,https://boxd.it/dj5klN,5,,"<i>I've seen things you people wouldn't believe. Attack ships on fire off the shoulder of Orion. I watched C-beams glitter in the dark near the Tannhäuser Gate. All those moments will be lost in time, like tears in rain. Time to die.</i>",,2025-11-30
2026-02-26,Memories of Murder,2003,https://boxd.it/dj5klX,4.5,,Beautifully shot but just missing some narrative depth with the plot. Some of the most gorgeous cinematography you'll ever see.,,2025-12-01
2026-02-26,No Other Choice,2025,https://boxd.it/dj5km7,5,,"A social commentary on techno-feudalism wrapped in a black comedy crime thriller. Some of the most striking transitions & modern editing I've ever seen. Gorgeously shot. At once astoundingly hilarious & simultaneously horrifying.

At it's heart a critique of what it takes to win the zero sum game job market in the AI era. Are you truly willing to do what it takes to succeed in an era that sees the Technique of technology consuming all of the world's resources to deposit it as capital in the pocketbooks of the elite?

Never before has society had more immediately available luxuries and efficiencies. Yet, we live in a constant state of stress since we own nothing. We own nothing and are legally regulated out of directly accessing resources. So we are forced to participate in a dog-eat-dog system with fewer and fewer winners.

No Other Choice demonstrates the ethical choices winners must make. What does it take to actually succeed in modern capitalism?",,2025-12-07
2026-02-26,Zootopia 2,2025,https://boxd.it/dj5kmh,4,,"You can tell a lot of love went into this by people that love the medium. Mostly a clichéd children's movie with just enough style, thoughtful messaging, witty writing, and self awareness to elevate it.",,2025-12-19
2026-02-26,The Count of Monte Cristo,2024,https://boxd.it/dj5kmr,5,,"A valuable retelling of Dumas' epic novel. Unfortunately, the shorter runtime means a lot of the thematic depth and plot nuances were lost. This is definitely the Spark Notes version for an audience raised on a diet of short form. That being said, a swashbuckling epic with many emotional highs and gripping throughout",,2025-12-30
2026-02-26,The Sixth Sense,1999,https://boxd.it/dj5kmB,5,,"One of the greatest films of all time. A sentimental horror with, perhaps, the most astounding twist in all of cinema. What a shame that Shyamalan has lived in the shadow of this masterpiece and been unable to move on.

Haley Joel Osment gives one of the best child performances you can hope to see، and Bruce Willis is equally stellar.

Toni Collette IS horror's mom.

That school is really screwed up, man.",,2025-12-30
2026-02-26,Stranger Things 5: The Finale,2025,https://boxd.it/dj5kmL,4,,"I feel like I just broke up with a toxic girlfriend this last ep was so emotionally manipulative

Also I didn't know decapitation was back in style

Jamie Bower was phenomenal

It's pretty ridiculous that some kids in Indiana went up against Cthulu though.",,2026-01-01
2026-02-26,Citizen Kane,1941,https://boxd.it/dj5kmV,3,,"From a historical perspective it is one of the most important and essential films ever created. Every film student & movie buff should see it just for that purpose. That being said, it certainly does not hold up at all today. It should not be viewed as a masterpiece that can contend with modern Hollywood, but rather an invaluable piece of cinema history.",,2026-01-06
2026-02-26,True Grit,1969,https://boxd.it/dj5knf,3.5,,"John Wayne is the stiffest ""actor"" a person will ever lay eyes on",,2026-01-09
2026-02-26,The Wind Rises,2013,https://boxd.it/dj5knp,3.5,,My least favorite Miyazaki movie. This is perhaps the only one that has no real reason to be an anime.,,2026-01-09
2026-02-26,All That's Left of You,2025,https://boxd.it/dj5knz,5,,"Seen at Middle East Books in DC:

A powerful journey demonstrating the unimpeachable value of the human spirit, while it is in this world and after it has passed on. An important & heartwrenching film. We need more stories like this in cinema. Deftly shot, acted, produced.",,2026-01-16
2026-02-26,Saloum,2021,https://boxd.it/dj5knJ,3.5,,Sinners prototype,,2026-01-17
2026-02-26,How Green Was My Valley,1941,https://boxd.it/dj5kpb,5,,I think this is way better than Citizen Kane.,,2026-01-19
2026-02-26,Beau Is Afraid,2023,https://boxd.it/dj5kpl,3,Yes,"The most self-indulgent and pretentious slog you'll ever have to endure. I get that Aster is trying to depict Jewish anxiety, especially about death (""You will find them to be the most covetous people of life, and from the polytheists. One of them wishes to live for a thousand years, though he would not escape torment were he to live that long."") & overbearing motherhood.

It has some fascinating scenes & interesting ideas but the entire thing just screams that someone should have told Aster, ""no."" If there were a very very significant amount of pushback & critique, this could have been something special. But Aster should not be given unrestricted creative license.",,2026-01-20
2026-02-26,It Was Just an Accident,2025,https://boxd.it/dj5kpv,3,,Very disappointing. Meandering. Directionless. Morally confused.,,2026-02-03
2026-02-26,Okja,2017,https://boxd.it/dj5kpF,3.5,,"A bizarre film. I guess intended to communicate the horror of mass animal slaughter & genetic modifications. Jake Gyllenhal is one of my favorite actors but this is his worst performance, although I think he did exactly what he was directed to do. A morally confused & strange piece.",,2026-02-08
2026-02-26,La Haine,1995,https://boxd.it/dj5kpP,5,,"""Do you believe in God? That's the wrong question. The correct question is: does God believe in us?""",,2026-02-09
2026-02-26,Monster,2023,https://boxd.it/dj5kpZ,3.5,,So many good things about this film. So many things to admire. Sexualizing children is not one of them.,,2026-02-09
2026-02-26,The Royal Tenenbaums,2001,https://boxd.it/dj5kq9,4,,His style wasn't completely developed here,,2026-02-12
2026-02-26,Lady Vengeance,2005,https://boxd.it/dj5kqj,3.5,,Pretty disjointed. Some disorienting transitions. Very clearly the work of a Park Chan Wook in process.,,2026-02-14
2026-02-26,Blue Velvet,1986,https://boxd.it/dj5kqt,5,,"Does the fact that everyone has the capacity to both commit evil acts & enjoy the infliction of evil on others mean we cannot be truly loving and therefore happy? Or is it possible to transcend our darker natures of sadism & masochism? What happens when we confuse the purity of true love with the Shaytanic indulgences of violence?

This movie is quite restrained for David Lynch when compared to something like Mullholand Drive or Twin Peaks: The Return. I do find Lynch more enjoyable when there is a more tangible plot, however bizarre.",,2026-02-15
2026-02-26,Resurrection,2025,https://boxd.it/dj5kqD,5,,"Seen at the National Museum of Asian Art, Freer Gallery:

The motion picture itself is a kind of rebellion against the ephemral nature of life. Everything that lives ultimately dies and is erased. A film is an attempt to capture a microcosm, to construct an ideal simulacrum of life and render it available for repeated future viewings.

This movie is a celebration of cinema's rebellion against transcience & a meditation on the beauty of impermanent things.

I don't typically enjoy anthologies. I would rather have one fully fleshed out idea than several half-baked ones. And each of the five stories here could have been their own movie.

What makes Resurrection unique is the clear central theme & persistent character of the delieriant. It is him dying & being reborn until the end of time, experiencing countless transient moments. Some of them are truly horrific, whereas others are full of indescribable joy.

Somehow Bi Gan has done the unthinkable. In a 2 1/2 hour runtime, he has crafted an amazing silent short, a supernatural crime noir, a meditative Buddhist ghost story, a charming adopted son crime drama, and a vampire romance. All within the context of a sci-fi dystopia. 

Typically, these kinds of films can come off as incredibly disjointed. That was my problem with Coogler's Sinners - too many good ideas packed into one story. Bi Gan could certainly have turned Resurrection into a series of films. Yet, there is a kind of emotional coherence & plot muddiness that makes this work.

Resurrection is also full of some of the best cinematography the medium has ever known. It is as if Bi Gan was able to distill some of the greatest shots in cinema history & give himself a canvas to weave them all together. Whether the shocking image of a Chinese detective in '60s clothing cutting open a covert operative only to catch aflame from the mystical dimension underneath his skin to a haunted Buddhist temple in the early morning being speckled by snow to the image of an estranged daughter's final burnt letter floating out of a box into the wind or a vampire crime overlord singing karaoke as his goons beat a man almost to death. Each of these pistáches is brought together in this kalodeiscopic tapestry of cinematic excellence.

In the end, Bi Gan pays his respects to the audience themselves. Casting us as beings of pure light in the cathedral of art, as each moviegoer fades into nothingness.

An absolutely singular ode to the always fading beauty of life & cinema.",,2026-02-15
