Date,Name,Year,Letterboxd URI
2025-01-02,Nosferatu,2024,https://boxd.it/f5eG
2025-01-02,Wicked,2024,https://boxd.it/e8ME
2025-01-02,Juror #2,2024,https://boxd.it/FRwU
2025-01-02,Gladiator II,2024,https://boxd.it/kqQQ
2025-01-02,Conclave,2024,https://boxd.it/AO8q
2025-01-02,Heretic,2024,https://boxd.it/H1lY
2025-01-02,Portrait of a Lady on Fire,2019,https://boxd.it/jkPq
2025-01-02,Dìdi (弟弟),2024,https://boxd.it/HQOW
2025-01-02,Dune: Part Two,2024,https://boxd.it/pUfA
2025-01-02,Furiosa: A Mad Max Saga,2024,https://boxd.it/tABk
2025-01-02,Longlegs,2024,https://boxd.it/KzLM
2025-01-02,Rebel Ridge,2024,https://boxd.it/nZum
2025-01-02,Caddo Lake,2024,https://boxd.it/wDSu
2025-01-02,The First Omen,2024,https://boxd.it/fx08
2025-01-02,2001: A Space Odyssey,1968,https://boxd.it/2bf0
2025-01-02,GoodFellas,1990,https://boxd.it/29FA
2025-01-02,Back to the Future,1985,https://boxd.it/2b8e
2025-01-02,Spirited Away,2001,https://boxd.it/2b4m
2025-01-02,The Shawshank Redemption,1994,https://boxd.it/2aHi
2025-01-02,Mad Max: Fury Road,2015,https://boxd.it/2DjO
2025-01-02,Fight Club,1999,https://boxd.it/2a9q
2025-01-02,Citizen Kane,1941,https://boxd.it/71O
2025-01-02,Good Will Hunting,1997,https://boxd.it/2ahY
2025-01-02,City of God,2002,https://boxd.it/2a2a
2025-01-02,Titanic,1997,https://boxd.it/2a2k
2025-01-02,The Wizard of Oz,1939,https://boxd.it/29Xu
2025-01-02,Finding Nemo,2003,https://boxd.it/72i
2025-01-02,Kung Fu Panda,2008,https://boxd.it/1Yws
2025-01-02,It's a Wonderful Life,1946,https://boxd.it/28xA
2025-01-02,Pulp Fiction,1994,https://boxd.it/29Pq
2025-01-02,The Godfather Part II,1974,https://boxd.it/2aNq
2025-01-02,American History X,1998,https://boxd.it/2bdo
2025-01-02,Akira,1988,https://boxd.it/2b1i
2025-01-02,The Matrix,1999,https://boxd.it/2a1m
2025-01-02,The Godfather,1972,https://boxd.it/2aNK
2025-01-02,Toy Story,1995,https://boxd.it/29qA
2025-01-02,The Lion King,1994,https://boxd.it/201Q
2025-01-02,Up,2009,https://boxd.it/1OEc
2025-01-02,Grave of the Fireflies,1988,https://boxd.it/1RUM
2025-01-02,E.T. the Extra-Terrestrial,1982,https://boxd.it/2a1G
2025-01-02,The Sandlot,1993,https://boxd.it/1TDy
2025-01-02,Stand by Me,1986,https://boxd.it/2aOe
2025-01-02,Groundhog Day,1993,https://boxd.it/2b3e
2025-01-02,Interstellar,2014,https://boxd.it/4VZ8
2025-01-02,The Shining,1980,https://boxd.it/29Nu
2025-01-02,The Dark Knight,2008,https://boxd.it/2b0k
2025-01-02,The SpongeBob SquarePants Movie,2004,https://boxd.it/1SYq
2025-01-02,The Grand Budapest Hotel,2014,https://boxd.it/3ZqO
2025-01-02,Cast Away,2000,https://boxd.it/20i8
2025-01-02,Mean Girls,2004,https://boxd.it/1VNg
2025-01-02,Once Upon a Time in the West,1968,https://boxd.it/2az4
2025-01-02,Blade Runner,1982,https://boxd.it/2bcA
2025-01-02,Spider-Man 2,2004,https://boxd.it/2a88
2025-01-02,Princess Mononoke,1997,https://boxd.it/2b4w
2025-01-02,Se7en,1995,https://boxd.it/29zs
2025-01-02,Ratatouille,2007,https://boxd.it/27ww
2025-01-02,Eyes Wide Shut,1999,https://boxd.it/2axs
2025-01-02,The Notebook,2004,https://boxd.it/1UNE
2025-01-02,The Exorcist,1973,https://boxd.it/1Yoo
2025-01-02,Prisoners,2013,https://boxd.it/4E5i
2025-01-02,The Avengers,2012,https://boxd.it/1xFW
2025-01-02,Scarface,1983,https://boxd.it/2b7g
2025-01-02,Everything Everywhere All at Once,2022,https://boxd.it/jUk4
2025-01-02,Forrest Gump,1994,https://boxd.it/728
2025-01-02,Parasite,2019,https://boxd.it/hTha
2025-01-02,Home Alone,1990,https://boxd.it/29Fg
2025-01-02,Django Unchained,2012,https://boxd.it/2cCk
2025-01-02,Shrek,2001,https://boxd.it/29zi
2025-01-02,Jurassic Park,1993,https://boxd.it/2aA2
2025-01-02,Saving Private Ryan,1998,https://boxd.it/29ro
2025-01-02,One Flew Over the Cuckoo's Nest,1975,https://boxd.it/2aeA
2025-01-02,The Breakfast Club,1985,https://boxd.it/27q4
2025-01-02,Rocky,1976,https://boxd.it/28Uk
2025-01-02,The Social Network,2010,https://boxd.it/17ue
2025-01-02,Catch Me If You Can,2002,https://boxd.it/29VS
2025-01-02,The Iron Giant,1999,https://boxd.it/1Wow
2025-01-02,Harry Potter and the Philosopher's Stone,2001,https://boxd.it/29QS
2025-01-02,The Room,2003,https://boxd.it/1ICY
2025-01-02,The Sixth Sense,1999,https://boxd.it/29Js
2025-01-02,The Fifth Element,1997,https://boxd.it/71k
2025-01-02,Gladiator,2000,https://boxd.it/2b9m
2025-01-02,Rush Hour,1998,https://boxd.it/27pU
2025-01-02,Training Day,2001,https://boxd.it/27A4
2025-01-02,Kill Bill: Vol. 1,2003,https://boxd.it/70w
2025-01-02,Shutter Island,2010,https://boxd.it/1U82
2025-01-02,The Silence of the Lambs,1991,https://boxd.it/2aHW
2025-01-02,Inception,2010,https://boxd.it/1skk
2025-01-02,The Nightmare Before Christmas,1993,https://boxd.it/1YzQ
2025-01-02,Friday,1995,https://boxd.it/1VLO
2025-01-02,Superbad,2007,https://boxd.it/20hO
2025-01-02,Raiders of the Lost Ark,1981,https://boxd.it/2bbs
2025-01-02,The Lord of the Rings: The Fellowship of the Ring,2001,https://boxd.it/2b5O
2025-01-02,Drive,2011,https://boxd.it/IG
2025-01-02,Aladdin,1992,https://boxd.it/29yE
2025-01-02,Braveheart,1995,https://boxd.it/2aTI
2025-01-02,Rain Man,1988,https://boxd.it/2avw
2025-01-02,Goldfinger,1964,https://boxd.it/29SY
2025-01-02,WALL·E,2008,https://boxd.it/1VEo
2025-01-02,Oldboy,2003,https://boxd.it/29R2
2025-01-02,Edward Scissorhands,1990,https://boxd.it/2aZc
2025-01-02,Jaws,1975,https://boxd.it/2a5e
2025-01-02,Howl's Moving Castle,2004,https://boxd.it/23De
2025-01-02,The Revenant,2015,https://boxd.it/8H5e
2025-01-02,Hocus Pocus,1993,https://boxd.it/1Wgi
2025-01-02,Get Out,2017,https://boxd.it/eOCm
2025-01-02,Beauty and the Beast,1991,https://boxd.it/1XhG
2025-01-02,Hereditary,2018,https://boxd.it/hNVe
2025-01-02,Snow White and the Seven Dwarfs,1937,https://boxd.it/2arO
2025-01-02,The Banshees of Inisherin,2022,https://boxd.it/p7XS
2025-01-02,"Crouching Tiger, Hidden Dragon",2000,https://boxd.it/2b1M
2025-01-02,No Country for Old Men,2007,https://boxd.it/21ew
2025-01-02,Gone Girl,2014,https://boxd.it/6hQu
2025-01-02,Inglourious Basterds,2009,https://boxd.it/1JzG
2025-01-02,The Parent Trap,1998,https://boxd.it/1XJq
2025-01-02,Donnie Darko,2001,https://boxd.it/2b2A
2025-01-02,The Green Mile,1999,https://boxd.it/2agG
2025-01-02,Ex Machina,2015,https://boxd.it/7T2k
2025-01-02,"Monsters, Inc.",2001,https://boxd.it/2a46
2025-01-02,Holes,2003,https://boxd.it/20mE
2025-01-02,"The Good, the Bad and the Ugly",1966,https://boxd.it/2ape
2025-01-02,Apocalypse Now,1979,https://boxd.it/6ZS
2025-01-02,The Prestige,2006,https://boxd.it/293w
2025-01-02,Gremlins,1984,https://boxd.it/29gg
2025-01-02,Argo,2012,https://boxd.it/2czU
2025-01-02,Cinderella,1950,https://boxd.it/1Uki
2025-01-02,Who Framed Roger Rabbit,1988,https://boxd.it/29ry
2025-01-02,The Tale of The Princess Kaguya,2013,https://boxd.it/4JQI
2025-01-02,Once Upon a Time... in Hollywood,2019,https://boxd.it/gH0O
2025-01-02,A Christmas Story,1983,https://boxd.it/29sw
2025-01-02,Mary Poppins,1964,https://boxd.it/2aoA
2025-01-02,Pan's Labyrinth,2006,https://boxd.it/28No
2025-01-02,Alice in Wonderland,1951,https://boxd.it/1Sz6
2025-01-02,Barry Lyndon,1975,https://boxd.it/25A2
2025-01-02,How the Grinch Stole Christmas!,1966,https://boxd.it/1Qj6
2025-01-02,The Sound of Music,1965,https://boxd.it/1MLK
2025-01-02,The Texas Chain Saw Massacre,1974,https://boxd.it/1lcS
2025-01-02,Full Metal Jacket,1987,https://boxd.it/2a1Q
2025-01-02,The Lighthouse,2019,https://boxd.it/icFU
2025-01-02,The Fast and the Furious,2001,https://boxd.it/1XMu
2025-01-02,Beetlejuice,1988,https://boxd.it/24QI
2025-01-02,Moonrise Kingdom,2012,https://boxd.it/2Wng
2025-01-02,Pirates of the Caribbean: The Curse of the Black Pearl,2003,https://boxd.it/70G
2025-01-02,Nightcrawler,2014,https://boxd.it/780m
2025-01-02,Malcolm X,1992,https://boxd.it/27WE
2025-01-02,A Beautiful Mind,2001,https://boxd.it/2amk
2025-01-02,Casino,1995,https://boxd.it/2ads
2025-01-02,Apollo 13,1995,https://boxd.it/2a6G
2025-01-02,Willy Wonka & the Chocolate Factory,1971,https://boxd.it/2aLu
2025-01-02,Napoleon Dynamite,2004,https://boxd.it/20wu
2025-01-02,Ghostbusters,1984,https://boxd.it/g2w
2025-01-02,Boyz n the Hood,1991,https://boxd.it/29Ug
2025-01-02,Ponyo,2008,https://boxd.it/1S0A
2025-01-02,The Incredibles,2004,https://boxd.it/1XLm
2025-01-02,A Charlie Brown Christmas,1965,https://boxd.it/1QDq
2025-01-02,Menace II Society,1993,https://boxd.it/1Yuc
2025-01-02,Gattaca,1997,https://boxd.it/29Du
2025-01-02,A Clockwork Orange,1971,https://boxd.it/2aVE
2025-01-02,Erin Brockovich,2000,https://boxd.it/2al2
2025-01-02,The Girl with the Dragon Tattoo,2011,https://boxd.it/2Pa
2025-01-02,Paprika,2006,https://boxd.it/23wW
2025-01-02,The Karate Kid,1984,https://boxd.it/27Wk
2025-01-02,Midsommar,2019,https://boxd.it/jhxe
2025-01-02,Jumanji,1995,https://boxd.it/1ZLI
2025-01-02,Twelve Monkeys,1995,https://boxd.it/2beQ
2025-01-02,The Color Purple,1985,https://boxd.it/29oO
2025-01-02,A Nightmare on Elm Street,1984,https://boxd.it/2aw0
2025-01-02,Enter the Dragon,1973,https://boxd.it/1YCA
2025-01-02,Young Frankenstein,1974,https://boxd.it/25To
2025-01-02,Killers of the Flower Moon,2023,https://boxd.it/gHp0
2025-01-02,Matilda,1996,https://boxd.it/1VhY
2025-01-02,Sicario,2015,https://boxd.it/8i7u
2025-01-02,Dune,2021,https://boxd.it/fA7G
2025-01-02,Zodiac,2007,https://boxd.it/27MO
2025-01-02,Elf,2003,https://boxd.it/1VyK
2025-01-02,Juno,2007,https://boxd.it/210a
2025-01-02,Carlito's Way,1993,https://boxd.it/226e
2025-01-02,Decision to Leave,2022,https://boxd.it/qp9e
2025-01-02,Million Dollar Baby,2004,https://boxd.it/2bdI
2025-01-02,The Hurt Locker,2008,https://boxd.it/1Soi
2025-01-02,First Blood,1982,https://boxd.it/28U0
2025-01-02,Donnie Brasco,1997,https://boxd.it/1YRA
2025-01-02,Lilo & Stitch,2002,https://boxd.it/1TAY
2025-01-02,Drive My Car,2021,https://boxd.it/sv94
2025-01-02,Knives Out,2019,https://boxd.it/jWEA
2025-01-02,American Psycho,2000,https://boxd.it/28Vs
2025-01-02,Slumdog Millionaire,2008,https://boxd.it/1S3E
2025-01-02,Ocean's Eleven,2001,https://boxd.it/2aZm
2025-01-02,Arrival,2016,https://boxd.it/aNGk
2025-01-02,Blood Diamond,2006,https://boxd.it/28Tm
2025-01-02,Ferris Bueller's Day Off,1986,https://boxd.it/1YPY
2025-01-02,The Lord of the Rings: The Return of the King,2003,https://boxd.it/2b5u
2025-01-02,A Different Man,2024,https://boxd.it/BoEC
2025-01-02,I Saw the TV Glow,2024,https://boxd.it/woVe
2025-01-02,Coraline,2009,https://boxd.it/1NhQ
2025-01-02,The Batman,2022,https://boxd.it/eDGs
2025-01-02,Star Wars: Episode III – Revenge of the Sith,2005,https://boxd.it/27US
2025-01-02,Harry Potter and the Prisoner of Azkaban,2004,https://boxd.it/29Qy
2025-01-02,Baby Driver,2017,https://boxd.it/bhF2
2025-01-02,The Wolf of Wall Street,2013,https://boxd.it/3C1m
2025-01-02,Joker,2019,https://boxd.it/h4cS
2025-01-02,Shrek 2,2004,https://boxd.it/29z8
2025-01-02,The Lord of the Rings: The Two Towers,2002,https://boxd.it/2b5E
2025-01-02,Guillermo del Toro's Pinocchio,2022,https://boxd.it/kjMW
2025-01-02,Nausicaä of the Valley of the Wind,1984,https://boxd.it/2bc6
2025-01-02,Mulan,1998,https://boxd.it/1VFw
2025-01-02,The Wind Rises,2013,https://boxd.it/4JQS
2025-01-02,Castle in the Sky,1986,https://boxd.it/1W4G
2025-01-02,Toy Story 3,2010,https://boxd.it/1WRe
2025-01-02,Isle of Dogs,2018,https://boxd.it/dZrW
2025-01-02,The Witch,2015,https://boxd.it/9X0m
2025-01-02,Infinity Pool,2023,https://boxd.it/oPSK
2025-01-02,Civil War,2024,https://boxd.it/z1jW
2025-01-02,Blink Twice,2024,https://boxd.it/vIOg
2025-01-02,The Boy and the Heron,2023,https://boxd.it/ipeM
2025-01-02,The Killing of a Sacred Deer,2017,https://boxd.it/dZ5G
2025-01-02,Beau Is Afraid,2023,https://boxd.it/u2gE
2025-01-02,Us,2019,https://boxd.it/gnV6
2025-01-02,Evil Does Not Exist,2023,https://boxd.it/HJrc
2025-01-02,Nope,2022,https://boxd.it/sDCe
2025-01-02,How Green Was My Valley,1941,https://boxd.it/UV2
2025-01-02,North by Northwest,1959,https://boxd.it/2aRM
2025-01-03,Forbidden Planet,1956,https://boxd.it/29vK
2025-01-04,Ali,2001,https://boxd.it/205e
2025-01-04,Brave,2012,https://boxd.it/bVG
2025-01-04,Trap,2024,https://boxd.it/D4nK
2025-01-04,Hit Man,2023,https://boxd.it/ANB2
2025-01-04,The Remarkable Life of Ibelin,2024,https://boxd.it/Iftk
2025-01-04,Red Rooms,2023,https://boxd.it/ym4c
2025-01-05,They Live,1988,https://boxd.it/20lm
2025-01-06,Carry-On,2024,https://boxd.it/C0B2
2025-01-06,Inside Out,2015,https://boxd.it/4KHC
2025-01-06,Snowpiercer,2013,https://boxd.it/3Icg
2025-01-06,Hundreds of Beavers,2022,https://boxd.it/CyUM
2025-01-06,300,2006,https://boxd.it/28XI
2025-01-06,Room,2015,https://boxd.it/7T0y
2025-01-06,Saloum,2021,https://boxd.it/wp1w
2025-01-06,Nomadland,2020,https://boxd.it/lnRy
2025-01-06,Sorry to Bother You,2018,https://boxd.it/f21E
2025-01-06,Phantom Thread,2017,https://boxd.it/e4uc
2025-01-06,The Shape of Water,2017,https://boxd.it/dZ5m
2025-01-06,13th,2016,https://boxd.it/elNg
2025-01-06,Skyfall,2012,https://boxd.it/17Fc
2025-01-06,The Cabin in the Woods,2011,https://boxd.it/1zOc
2025-01-06,Hugo,2011,https://boxd.it/R08
2025-01-06,True Grit,2010,https://boxd.it/Sog
2025-01-06,Four Lions,2010,https://boxd.it/18do
2025-01-06,Avatar,2009,https://boxd.it/1Efm
2025-01-06,Precious,2009,https://boxd.it/1v6K
2025-01-06,District 9,2009,https://boxd.it/1Iik
2025-01-06,The Curious Case of Benjamin Button,2008,https://boxd.it/23Fk
2025-01-06,Paranormal Activity,2007,https://boxd.it/1yIM
2025-01-06,The Bourne Ultimatum,2007,https://boxd.it/26Eu
2025-01-06,Borat: Cultural Learnings of America for Make Benefit Glorious Nation of Kazakhstan,2006,https://boxd.it/2agQ
2025-01-06,Gangs of New York,2002,https://boxd.it/25FG
2025-01-06,Toy Story 2,1999,https://boxd.it/29qq
2025-01-06,Midnight in Paris,2011,https://boxd.it/i4a
2025-01-06,How to Blow Up a Pipeline,2022,https://boxd.it/C69e
2025-01-06,Doctor Zhivago,1965,https://boxd.it/29jk
2025-01-06,Dirty Harry,1971,https://boxd.it/299E
2025-01-06,The Man Who Fell to Earth,1976,https://boxd.it/298w
2025-01-06,Jeremiah Johnson,1972,https://boxd.it/1SIi
2025-01-06,The Terminator,1984,https://boxd.it/2aQY
2025-01-06,Total Recall,1990,https://boxd.it/29qK
2025-01-06,The Green Knight,2021,https://boxd.it/kuy2
2025-01-06,BEEF,2023,https://boxd.it/FPsm
2025-01-06,Inside Out 2,2024,https://boxd.it/CFrC
2025-01-20,I Care a Lot,2020,https://boxd.it/mcHk
2025-01-21,Sing Sing,2023,https://boxd.it/HIBA
2025-01-21,A Prophet,2009,https://boxd.it/1BGE
2025-01-22,Unhinged,2020,https://boxd.it/najM
2025-01-25,Contagion,2011,https://boxd.it/13rq
2025-01-25,Planet of the Apes,2001,https://boxd.it/29ps
2025-01-25,Rise of the Planet of the Apes,2011,https://boxd.it/cS4
2025-01-25,Dawn of the Planet of the Apes,2014,https://boxd.it/3XyQ
2025-01-25,War for the Planet of the Apes,2017,https://boxd.it/8FE2
2025-01-25,Kingdom of the Planet of the Apes,2024,https://boxd.it/ohEE
2025-01-27,Kinds of Kindness,2024,https://boxd.it/CWPw
2025-02-01,Tenet,2020,https://boxd.it/leq4
2025-02-07,Looper,2012,https://boxd.it/ham
2025-02-07,Monster House,2006,https://boxd.it/1Z2e
2025-02-07,Bridge to Terabithia,2007,https://boxd.it/28YG
2025-02-07,Candyman,2021,https://boxd.it/kHFg
2025-02-07,Ghost,1990,https://boxd.it/2aLE
2025-02-19,The Menu,2022,https://boxd.it/lScm
2025-02-19,Monkey Man,2024,https://boxd.it/kvsO
2025-02-19,The Northman,2022,https://boxd.it/nK2s
2025-02-19,Battle Royale,2000,https://boxd.it/25zS
2025-04-04,Companion,2025,https://boxd.it/F04o
2025-04-12,Adolescence,2025,https://boxd.it/TFGw
2025-04-12,The Hunger Games,2012,https://boxd.it/2uds
2025-04-15,Drop,2025,https://boxd.it/LyPq
2025-04-26,Sinners,2025,https://boxd.it/KQMM
2025-05-21,Thunderbolts*,2025,https://boxd.it/BfbQ
2025-05-23,Black Bag,2025,https://boxd.it/KRbM
2025-05-31,Karate Kid: Legends,2025,https://boxd.it/CeNc
2025-06-08,Harry Potter and the Chamber of Secrets,2002,https://boxd.it/29QI
2025-06-08,Harry Potter and the Goblet of Fire,2005,https://boxd.it/29Qo
2025-06-08,Harry Potter and the Order of the Phoenix,2007,https://boxd.it/29Qe
2025-06-08,Harry Potter and the Half-Blood Prince,2009,https://boxd.it/29FU
2025-06-09,The Phoenician Scheme,2025,https://boxd.it/H0Ca
2025-06-12,The Substance,2024,https://boxd.it/zanS
2025-06-13,Uncut Gems,2019,https://boxd.it/gXGc
2025-06-13,Roots,2016,https://boxd.it/e1Oe
2025-06-13,The Civil War,1990,https://boxd.it/1tWO
2025-06-13,The Adventures of Mark Twain,1985,https://boxd.it/1Ekw
2025-06-13,It,2017,https://boxd.it/bC8e
2025-06-13,It,1990,https://boxd.it/26tG
2025-06-13,It Chapter Two,2019,https://boxd.it/h10u
2025-06-13,Mama,2013,https://boxd.it/4i9s
2025-06-13,Jimmy Neutron: Boy Genius,2001,https://boxd.it/1RDm
2025-06-13,I'm Thinking of Ending Things,2020,https://boxd.it/i4IQ
2025-06-13,I Am Legend,2007,https://boxd.it/21DG
2025-06-13,Space Jam,1996,https://boxd.it/26YO
2025-06-13,Easy A,2010,https://boxd.it/17DK
2025-06-13,Nightmare Alley,2021,https://boxd.it/m0HC
2025-06-13,Cirque du Freak: The Vampire's Assistant,2009,https://boxd.it/1xHo
2025-06-13,Billy & Mandy's Big Boogey Adventure,2007,https://boxd.it/1IRk
2025-06-13,Billy and Mandy Save Christmas,2005,https://boxd.it/yTuC
2025-06-13,Billy & Mandy: Wrath of the Spider Queen,2007,https://boxd.it/gAKU
2025-06-13,Grandma Got Run Over by a Reindeer,2000,https://boxd.it/Bbu
2025-06-13,Rudolph the Red-Nosed Reindeer,1964,https://boxd.it/1Qis
2025-06-17,Friendship,2024,https://boxd.it/L6Dc
2025-06-17,Source Code,2011,https://boxd.it/fdo
2025-06-17,Southpaw,2015,https://boxd.it/9Phu
2025-06-17,The Cat in the Hat,2003,https://boxd.it/1VSU
2025-06-17,Dredd,2012,https://boxd.it/GZE
2025-06-17,Zero Dark Thirty,2012,https://boxd.it/3n1w
2025-06-20,Treasure Planet,2002,https://boxd.it/1Znm
2025-06-20,The Emperor's New Groove,2000,https://boxd.it/1Tey
2025-06-20,Chicken Little,2005,https://boxd.it/1Xnu
2025-06-20,The Little Mermaid,1989,https://boxd.it/1WYO
2025-06-20,The Princess and the Frog,2009,https://boxd.it/1WQq
2025-06-20,Hercules,1997,https://boxd.it/1SDW
2025-06-20,The Road to El Dorado,2000,https://boxd.it/1W6s
2025-06-20,Shark Tale,2004,https://boxd.it/1VYe
2025-06-21,28 Years Later,2025,https://boxd.it/FEGM
2025-06-22,War Dogs,2016,https://boxd.it/9SlO
2025-06-22,Wanted,2008,https://boxd.it/1ZBS
2025-06-22,Anatomy of a Fall,2023,https://boxd.it/yuDE
2025-06-22,Your Name.,2016,https://boxd.it/cUqs
2025-06-26,Mystic River,2003,https://boxd.it/2aAG
2025-06-27,The Truman Show,1998,https://boxd.it/18U8
2025-06-29,The Killer,2023,https://boxd.it/u6WE
2025-07-02,Moneyball,2011,https://boxd.it/glS
2025-07-02,Memento,2000,https://boxd.it/2bcK
2025-07-04,Nocturnal Animals,2016,https://boxd.it/bkFu
2025-07-05,Bad Boys,1995,https://boxd.it/1XVG
2025-07-07,Jurassic World Rebirth,2025,https://boxd.it/KUeE
2025-07-08,Law Abiding Citizen,2009,https://boxd.it/1A2I
2025-07-08,The Lincoln Lawyer,2011,https://boxd.it/DRM
2025-07-08,Bone Tomahawk,2015,https://boxd.it/9kiw
2025-07-08,Kimi,2022,https://boxd.it/u7LW
2025-07-08,Ocean's Twelve,2004,https://boxd.it/2aZ2
2025-07-08,Ocean's Thirteen,2007,https://boxd.it/2aEy
2025-07-09,Hell or High Water,2016,https://boxd.it/bfGM
2025-07-09,Guardians of the Galaxy,2014,https://boxd.it/3VH2
2025-07-17,The Nun's Story,1959,https://boxd.it/1sFW
2025-07-17,The Irishman,2019,https://boxd.it/dYOq
2025-07-17,RRR,2022,https://boxd.it/ljDs
2025-07-17,Gran Torino,2008,https://boxd.it/1Qzy
2025-07-17,The Adjustment Bureau,2011,https://boxd.it/16T8
2025-07-17,In Time,2011,https://boxd.it/FPS
2025-07-17,Conan,1997,https://boxd.it/3XD2
2025-07-17,Conan the Barbarian,1982,https://boxd.it/1YOm
2025-07-17,Zombieland,2009,https://boxd.it/1En6
2025-07-17,The Help,2011,https://boxd.it/EDm
2025-07-17,Pig,2021,https://boxd.it/nzoW
2025-07-20,Superman,2025,https://boxd.it/E9IU
2025-07-20,Godzilla Minus One,2023,https://boxd.it/zu4c
2025-07-25,The Crow,1994,https://boxd.it/1Yxq
2025-07-26,Mulholland Drive,2001,https://boxd.it/297o
2025-07-28,Poor Things,2023,https://boxd.it/tNWU
2025-07-29,Bring Her Back,2025,https://boxd.it/Hxlc
2025-07-30,Bodies Bodies Bodies,2022,https://boxd.it/iRcE
2025-07-31,Don't Breathe,2016,https://boxd.it/9yzw
2025-08-13,"I, Robot",2004,https://boxd.it/27y8
2025-08-13,Wreck-It Ralph,2012,https://boxd.it/2TTS
2025-08-13,Ice Age,2002,https://boxd.it/2apS
2025-08-13,Aladdin,2019,https://boxd.it/eSjy
2025-08-13,Transformers: Dark of the Moon,2011,https://boxd.it/16aC
2025-08-13,The Land Before Time,1988,https://boxd.it/1Sr2
2025-08-13,An American Tail,1986,https://boxd.it/23wM
2025-08-13,Scooby-Doo,2002,https://boxd.it/1YaQ
2025-08-13,Scooby-Doo on Zombie Island,1998,https://boxd.it/1QIg
2025-08-13,Scooby-Doo! and the Witch's Ghost,1999,https://boxd.it/1IeM
2025-08-13,Scooby-Doo and the Cyber Chase,2001,https://boxd.it/1LTy
2025-08-13,Scooby-Doo and the Alien Invaders,2000,https://boxd.it/1Dxk
2025-08-13,Scooby-Doo! and the Legend of the Vampire,2003,https://boxd.it/1m1c
2025-08-13,Scooby-Doo! and the Loch Ness Monster,2004,https://boxd.it/1R5a
2025-08-13,Scooby-Doo and the Ghoul School,1988,https://boxd.it/1QmY
2025-08-13,Scooby-Doo! in Where's My Mummy?,2005,https://boxd.it/1Dhm
2025-08-13,Scooby-Doo! and the Monster of Mexico,2003,https://boxd.it/1BfS
2025-08-13,Scooby-Doo! and the Reluctant Werewolf,1988,https://boxd.it/18Nm
2025-08-13,Scooby-Doo! Meets the Boo Brothers,1987,https://boxd.it/1wZw
2025-08-13,Barbarian,2022,https://boxd.it/yohi
2025-08-13,The Adventures of Sharkboy and Lavagirl,2005,https://boxd.it/1Ozm
2025-08-13,Spy Kids 3-D: Game Over,2003,https://boxd.it/1S7w
2025-08-13,Spy Kids 2: The Island of Lost Dreams,2002,https://boxd.it/1Yyo
2025-08-13,Spider-Man,2002,https://boxd.it/2a8i
2025-08-13,Pirates of the Caribbean: Dead Man's Chest,2006,https://boxd.it/2bfk
2025-08-13,Pirates of the Caribbean: At World's End,2007,https://boxd.it/2aGu
2025-08-13,Sherlock Holmes,2009,https://boxd.it/1W2A
2025-08-13,Sherlock Holmes: A Game of Shadows,2011,https://boxd.it/k3S
2025-08-13,Fallen,1998,https://boxd.it/2wsE
2025-08-13,Close Encounters of the Third Kind,1977,https://boxd.it/29u8
2025-08-13,Flight of the Navigator,1986,https://boxd.it/1X2m
2025-08-13,Harry and the Hendersons,1987,https://boxd.it/1ZqK
2025-08-13,The Ballad of Buster Scruggs,2018,https://boxd.it/jB2q
2025-08-13,Fargo,1996,https://boxd.it/2aHM
2025-08-13,The Big Lebowski,1998,https://boxd.it/2b6C
2025-08-13,Yor: The Hunter from the Future,1983,https://boxd.it/16uW
2025-08-14,The Woman in Black,2012,https://boxd.it/4wu
2025-08-14,Speak No Evil,2022,https://boxd.it/vqlg
2025-08-16,Weapons,2025,https://boxd.it/EMTM
2025-08-17,Beetlejuice Beetlejuice,2024,https://boxd.it/yyGs
2025-08-17,Charlie and the Chocolate Factory,2005,https://boxd.it/2b68
2025-08-17,Glass Onion,2022,https://boxd.it/oCkK
2025-08-17,All Quiet on the Western Front,2022,https://boxd.it/H08
2025-08-17,Judas and the Black Messiah,2021,https://boxd.it/lsew
2025-08-17,The Harder They Fall,2021,https://boxd.it/mRCU
2025-08-17,Baby Reindeer,2024,https://boxd.it/MwSa
2025-08-19,Kill Bill: Vol. 2,2004,https://boxd.it/2au4
2025-08-19,The Hateful Eight,2015,https://boxd.it/8gw8
2025-08-19,The Town,2010,https://boxd.it/1zyS
2025-08-21,Hellboy,2004,https://boxd.it/28HK
2025-08-21,Hellboy II: The Golden Army,2008,https://boxd.it/1Ug6
2025-08-21,Lemony Snicket's A Series of Unfortunate Events,2004,https://boxd.it/1T7s
2025-08-21,Cold Mountain,2003,https://boxd.it/270A
2025-08-21,Jack and Jill,2011,https://boxd.it/2pQu
2025-08-21,The Disaster Artist,2017,https://boxd.it/cTqc
2025-08-22,Star Wars: Episode I – The Phantom Menace,1999,https://boxd.it/27Vc
2025-08-22,Star Wars: Episode II – Attack of the Clones,2002,https://boxd.it/27V2
2025-08-22,Primal,2019,https://boxd.it/nJo8
2025-08-22,Samurai Jack: The Premiere Movie,2001,https://boxd.it/KQQ
2025-08-22,Mindhunters,2004,https://boxd.it/1JTG
2025-08-22,Dream Scenario,2023,https://boxd.it/v2h0
2025-08-22,The Grey,2011,https://boxd.it/2xZE
2025-08-22,Hanna,2011,https://boxd.it/DBE
2025-08-22,Léon: The Professional,1994,https://boxd.it/2b8S
2025-08-22,Casino Royale,2006,https://boxd.it/1alk
2025-08-22,No Time to Die,2021,https://boxd.it/cPX2
2025-08-22,Quantum of Solace,2008,https://boxd.it/1Vs8
2025-08-22,Highlander,1986,https://boxd.it/20GE
2025-08-22,The Hobbit: An Unexpected Journey,2012,https://boxd.it/GZk
2025-08-23,Juice,1992,https://boxd.it/1KK6
2025-08-23,Where the Wild Things Are,2009,https://boxd.it/1K0C
2025-08-24,Watchmen,2009,https://boxd.it/1QE4
2025-08-24,X-Men: First Class,2011,https://boxd.it/FOA
2025-08-24,It Comes at Night,2017,https://boxd.it/eLuk
2025-08-24,Iron Man,2008,https://boxd.it/28dA
2025-08-24,Jiro Dreams of Sushi,2011,https://boxd.it/2ONU
2025-08-24,Black Mass,2015,https://boxd.it/7K2g
2025-08-24,Rambo,2008,https://boxd.it/20Pc
2025-08-24,Burning,2018,https://boxd.it/hHUa
2025-08-28,Rango,2011,https://boxd.it/QPk
2025-08-28,The Good Dinosaur,2015,https://boxd.it/3AD4
2025-08-28,A Bug's Life,1998,https://boxd.it/1Yyy
2025-08-28,Madagascar,2005,https://boxd.it/29dc
2025-08-28,Emilia Pérez,2024,https://boxd.it/AP3G
2025-08-28,Emily the Criminal,2022,https://boxd.it/wBOq
2025-08-28,The Village,2004,https://boxd.it/21iS
2025-08-28,The Last Airbender,2010,https://boxd.it/1WQK
2025-08-28,Knock at the Cabin,2023,https://boxd.it/npL2
2025-08-28,The Martian,2015,https://boxd.it/8SeG
2025-08-28,Kingdom of Heaven,2005,https://boxd.it/28Gs
2025-08-28,Star Trek,2009,https://boxd.it/1Q6c
2025-08-28,American Movie,1999,https://boxd.it/1Oty
2025-08-28,Nacho Libre,2006,https://boxd.it/1YTG
2025-08-28,American Pie,1999,https://boxd.it/27qy
2025-08-28,The Men Who Stare at Goats,2009,https://boxd.it/1Wza
2025-08-28,Avatar: The Way of Water,2022,https://boxd.it/2E2E
2025-08-28,The Message,1976,https://boxd.it/1t3E
2025-08-28,Bilal: A New Breed of Hero,2015,https://boxd.it/aXyU
2025-08-30,Caught Stealing,2025,https://boxd.it/LnyS
2025-09-02,Lorenzo's Oil,1992,https://boxd.it/27Eg
2025-09-04,The Platform,2019,https://boxd.it/mUm6
2025-09-04,Saw,2004,https://boxd.it/2aWW
2025-09-04,Saw II,2005,https://boxd.it/2aRs
2025-09-05,Over the Garden Wall,2014,https://boxd.it/eqFw
2025-09-10,The Departed,2006,https://boxd.it/28MA
2025-09-13,The Chronicles of Riddick,2004,https://boxd.it/26iy
2025-09-13,Fullmetal Alchemist: Brotherhood,2009,https://boxd.it/ptii
2025-09-13,The Long Walk,2025,https://boxd.it/mic8
2025-09-13,A Quiet Place,2018,https://boxd.it/fVJQ
2025-09-13,Cyberpunk: Edgerunners,2022,https://boxd.it/COP4
2025-09-14,Spaceman,2024,https://boxd.it/nC20
2025-09-14,Eddington,2025,https://boxd.it/o6MC
2025-09-16,The Polar Express,2004,https://boxd.it/23am
2025-09-16,Back to the Future Part II,1989,https://boxd.it/2aYI
2025-09-16,Back to the Future Part III,1990,https://boxd.it/2aTS
2025-09-16,A Christmas Carol,2009,https://boxd.it/1HKW
2025-09-16,Flight,2012,https://boxd.it/35Ca
2025-09-18,The Aviator,2004,https://boxd.it/26BU
2025-09-18,The Book of Eli,2010,https://boxd.it/1Dnu
2025-09-21,Men in Black,1997,https://boxd.it/2a0I
2025-09-21,The Power of the Dog,2021,https://boxd.it/m99E
2025-09-21,The Sand Castle,2024,https://boxd.it/IYvg
2025-09-24,Kick-Ass,2010,https://boxd.it/1zaQ
2025-09-24,Green Lantern,2011,https://boxd.it/QN4
2025-09-24,Arcadian,2024,https://boxd.it/DOtu
2025-09-24,The Unbearable Weight of Massive Talent,2022,https://boxd.it/o6eK
2025-09-25,The Strange Thing About the Johnsons,2011,https://boxd.it/56nO
2025-09-25,Small Soldiers,1998,https://boxd.it/1TzQ
2025-09-25,Mighty Morphin Power Rangers: The Movie,1995,https://boxd.it/1ZeY
2025-09-25,The Blind Side,2009,https://boxd.it/1zWg
2025-09-27,One Battle After Another,2025,https://boxd.it/DUHM
2025-10-04,Atlantis: The Lost Empire,2001,https://boxd.it/1Vck
2025-10-04,The Hunchback of Notre Dame,1996,https://boxd.it/1VZQ
2025-10-04,Tarzan,1999,https://boxd.it/18YO
2025-10-04,The Jungle Book,1967,https://boxd.it/1YY2
2025-10-06,Perfect Blue,1997,https://boxd.it/1W7A
2025-10-07,The Dark Knight Rises,2012,https://boxd.it/H3m
2025-10-09,Field of Dreams,1989,https://boxd.it/26VK
2025-10-09,Romeo + Juliet,1996,https://boxd.it/2ama
2025-10-09,Detachment,2011,https://boxd.it/2BiY
2025-10-09,James and the Giant Peach,1996,https://boxd.it/1W0O
2025-10-13,Over the Garden Wall 10th Anniversary Tribute,2024,https://boxd.it/QEDA
2025-10-13,The Goonies,1985,https://boxd.it/1YVC
2025-10-13,The Little Rascals,1994,https://boxd.it/1V8i
2025-10-13,The Matrix Resurrections,2021,https://boxd.it/n87k
2025-10-14,Cure,1997,https://boxd.it/1blA
2025-10-17,Mudbound,2017,https://boxd.it/eCsu
2025-10-18,Digimon: The Movie,2000,https://boxd.it/1DrQ
2025-10-25,Frankenstein,2025,https://boxd.it/Ecsg
2025-11-08,Bugonia,2025,https://boxd.it/qeWY
2025-11-14,The Mask,1994,https://boxd.it/29rS
2025-11-16,Won't You Be My Neighbor?,2018,https://boxd.it/hDPU
2025-11-16,"It's the Great Pumpkin, Charlie Brown",1966,https://boxd.it/1Qmu
2025-11-16,Magnolia,1999,https://boxd.it/2aze
2025-11-23,Planet Earth,2006,https://boxd.it/5Nx8
2025-11-23,BLUE EYE SAMURAI,2023,https://boxd.it/JH9k
2025-11-28,Wake Up Dead Man,2025,https://boxd.it/uAKS
2025-11-29,Friends with Benefits,2011,https://boxd.it/DoK
2025-12-01,Train Dreams,2025,https://boxd.it/LdDo
2025-12-02,Memories of Murder,2003,https://boxd.it/1TSo
2025-12-04,Brother Bear,2003,https://boxd.it/1Xjs
2025-12-07,Mario Puzo's The Godfather: The Complete Novel for Television,1977,https://boxd.it/dVWm
2025-12-07,Kill Bill: The Whole Bloody Affair,2004,https://boxd.it/eCrQ
2025-12-07,Borat Subsequent Moviefilm,2020,https://boxd.it/rNS0
2025-12-08,No Other Choice,2025,https://boxd.it/nKiA
2025-12-10,Struggle: The Life and Lost Art of Szukalski,2018,https://boxd.it/kIiW
2025-12-10,Babylon A.D.,2008,https://boxd.it/1YPk
2025-12-11,Mrs. Doubtfire,1993,https://boxd.it/29Cw
2025-12-18,Robots,2005,https://boxd.it/1Xve
2025-12-20,Zootopia 2,2025,https://boxd.it/F0vO
2025-12-26,How the Grinch Stole Christmas,2000,https://boxd.it/1ZHQ
2025-12-26,Frosty the Snowman,1969,https://boxd.it/1PEC
2025-12-26,The Year Without a Santa Claus,1974,https://boxd.it/1Qgc
2025-12-30,The Count of Monte Cristo,2024,https://boxd.it/F1Nk
2025-12-30,Lion of the Desert,1980,https://boxd.it/1t3u
2025-12-31,Happy Feet,2006,https://boxd.it/1XH0
2025-12-31,Angry Video Game Nerd: The Movie,2014,https://boxd.it/3ic0
2025-12-31,The Cinema Snob Movie,2012,https://boxd.it/4mqC
2025-12-31,Highlander II: The Quickening,1991,https://boxd.it/20Gu
2025-12-31,Highlander III: The Sorcerer,1994,https://boxd.it/20Gk
2025-12-31,Iron Man 2,2010,https://boxd.it/1WZM
2025-12-31,Zathura: A Space Adventure,2005,https://boxd.it/21mq
2026-01-01,Society of the Snow,2023,https://boxd.it/y9aw
2026-01-02,Stranger Things 5: The Finale,2025,https://boxd.it/YqXW
2026-01-04,Twin Peaks: The Return,2017,https://boxd.it/hN9O
2026-01-04,Twin Peaks,1989,https://boxd.it/g8pk
2026-01-10,Tombstone,1993,https://boxd.it/1SE6
2026-01-10,True Grit,1969,https://boxd.it/1Ix0
2026-01-10,A Little Romance,1979,https://boxd.it/1CSc
2026-01-12,127 Hours,2010,https://boxd.it/SLa
2026-01-15,Omar,2012,https://boxd.it/WPD4
2026-01-17,All That's Left of You,2025,https://boxd.it/KiU8
2026-01-19,The Message,1976,https://boxd.it/xg6E
2026-01-19,Black Dynamite,2009,https://boxd.it/1wX6
2026-01-21,Spy Kids,2001,https://boxd.it/1Xcw
2026-01-21,Halloweentown,1998,https://boxd.it/1qPq
2026-01-21,Halloweentown II: Kalabar's Revenge,2001,https://boxd.it/1e98
2026-01-21,The Haunted Mansion,2003,https://boxd.it/1Vtq
2026-01-21,Casper,1995,https://boxd.it/1ZMw
2026-01-21,"Our Friend, Martin",1999,https://boxd.it/5Dpy
2026-02-04,It Was Just an Accident,2025,https://boxd.it/TX2k
2026-02-07,12 Years a Slave,2013,https://boxd.it/2D2e
2026-02-09,Okja,2017,https://boxd.it/dvXe
2026-02-10,Monster,2023,https://boxd.it/DJEM
2026-02-10,La Haine,1995,https://boxd.it/2as8
2026-02-12,Blackfish,2013,https://boxd.it/4Ym4
2026-02-13,The Royal Tenenbaums,2001,https://boxd.it/1YHU
2026-02-14,There Will Be Blood,2007,https://boxd.it/20Z2
2026-02-14,Lady Vengeance,2005,https://boxd.it/248G
2026-02-16,Blue Velvet,1986,https://boxd.it/29BI
2026-02-16,Resurrection,2025,https://boxd.it/x9DG
2026-02-17,Homefront,2013,https://boxd.it/67Wi
2026-03-01,National Treasure,2004,https://boxd.it/27x0
2026-03-01,Ghost Rider,2007,https://boxd.it/290M
2026-03-01,National Treasure: Book of Secrets,2007,https://boxd.it/21rq
2026-03-01,The Stand,1994,https://boxd.it/1PZU
2026-03-01,Storm of the Century,1999,https://boxd.it/1LCs
2026-03-02,Pirates of the Caribbean: On Stranger Tides,2011,https://boxd.it/27Z4
